dataset,query_key,task,ref_video,interval_s,query_vi,query_en,baseline_rank,top5_videos,auto_labels,error_codes,small_detail_query,text_cue_present,label_doubt,notes
round1-v3,p1-2,KIS,L28_V018,104.3-144.7,"Đoạn phim bắt đầu bằng một bản đồ, trên đó một loại công trình thủy lợi lần lượt xuất hiện bốn lần. Sau đó chuyển sang cảnh một con đập được quay từ trên cao, tiếp đến là cảnh cận con đập dưới trời mưa.","The video begins with a map, on which a type of irrigation project appears four times. Then it switches to a shot of a dam filmed from above, followed by a close-up of the dam in the rain.",not retrieved,M02_V009; M07_V024; L21_V018; M02_V022; S01-V004,hard,,,,,
round1-v3,p1-3,QA,L21_V007,290.3-295.2,"Hình ảnh một con cá được đặt lên cân, sau đó có cảnh một con cá khác cùng loại bị một người cầm đuôi. Con số hiển thị cuối cùng trên cân là bao nhiêu?","The image shows a fish being placed on a scale, followed by a scene of another fish of the same type being held by a person by the tail. What is the final number displayed on the scale?",7,L29_V022; L29_V008; L28_V005; M10_V016; L26_V360,,,,,,
round1-v3,p1-5,KIS,L26_V035,201.9-228.8,"Đoạn clip bắt đầu bằng việc đậu hà lan được bỏ vào với mực đang được xào trên chảo, bên cạnh là đĩa hành tây và ớt đỏ thái lát chuẩn bị cho vào món ăn. Đoạn clip kết thúc với khung quay chậm (slow motion) cảnh lắc chảo trên bếp lửa.","The clip begins with peas being added to squid being stir-fried in a pan, next to a plate of sliced ​​onions and red peppers ready to be added to the dish. The clip ends with a slow motion scene of shaking a pan on a stove.",2,L26_V177; L26_V035; L26_V209; L26_V216; L26_V480,,,,,,
round1-v3,p1-7,KIS,L26_V041,145.0-274.4,"Đoạn clip bắt đầu bằng cảnh cà rốt cắt hình ngôi sao đang được luộc trong nồi nước sôi, đặt trong rổ lưới kim loại và được đảo bằng đôi đũa gỗ. Đoạn clip kết thúc bằng hình ảnh đĩa rau củ luộc và đồ chiên được trình bày đẹp mắt, gồm đậu bắp, súp lơ, cà rốt hình ngôi sao, bí xanh, chén nước chấm màu hồng ở giữa và đôi đũa màu hồng nhạt đặt bên phải","The clip begins with star-shaped carrots being boiled in a pot of boiling water, placed in a metal mesh basket and stirred with wooden chopsticks. The clip ends with a beautifully presented plate of boiled and fried vegetables, including okra, cauliflower, star-shaped carrots, zucchini, a cup of pink dipping sauce in the middle and a pair of light pink chopsticks placed on the right.",3,L26_V230; L26_V336; L26_V041; L26_V092; L26_V011,,,,,,
round1-v3,p1-9,QA,L21_V003,1046.6-1050.9,"Đoạn phim ghi lại cảnh những chiếc xe ô tô lội nước, chiếc xe màu vàng, màu đỏ và màu đen lần lượt chuẩn bị đi qua cầu. Con số được ghi trên biển báo bên trái của cây cầu là bao nhiêu?","The video recorded the scene of cars wading through water, yellow, red and black cars preparing to cross the bridge one after another. What is the number written on the sign to the left of the bridge?",not retrieved,M01_V011; S01-V011; S01-V004; L22_V016; S01-V005,hard,,,,,
round1-v3,p1-11,KIS,L23_V021,250.8-257.2,"Cảnh quay chậm tại vị trí vạch đích của cuộc đua xe đạp. Góc máy sát mặt đường bắt trọn khoảnh khắc về đích theo thứ tự nhất, nhì, ba lần lượt là 1 tay đua áo vàng quần đen, 1 tay đua áo xanh dương quần đen và 1 tay đua áo xanh dương quần đỏ","Slow motion scene at the finish line of a bicycle race. The camera angle close to the road captured the moment of finishing in the first, second, and third order: 1 racer in yellow shirt and black pants, 1 racer in blue shirt and black pants, and 1 racer in blue shirt and red pants.",6,S01-V008; L23_V015; L23_V012; L23_V003; L23_V025,,,,,,
round1-v3,p1-12,KIS,L22_V001,101.1-111.1,"Có thể thấy trong cảnh quay có 4 tài xế xe ôm công nghệ trong trạm xăng, trong đó 3 người đứng đợi còn 1 người lái xe từ trái sang phải khung hình. Trước đó là cảnh một người đậy nắp bình xăng xe máy của họ. Có thông tin về giá dầu mazut được hiển thị trong khung hình.","It can be seen in the scene that there are 4 motorbike taxi drivers at the gas station, of which 3 are waiting and 1 is driving from left to right of the frame. Before that was a scene of a person covering their motorbike's gas tank. There is information about fuel oil prices displayed in the frame.",4,M01_V006; L22_V022; L22_V008; L22_V001; M05_V012,,,,,,
round1-v3,p1-13,KIS,L29_V021,247.7-273.8,"Một người đứng dưới nước và rọi đèn. Tiếp theo là cảnh người này kéo lưới cá lúc bình minh, sau đó được một nhóm người khác tiến đến dùng máy quay ghi hình.","A person stands in the water and shines a light. Next is the scene of this person pulling a fish net at dawn, then another group of people approached with a camera to record.",2,M01_V014; L29_V021; S01-V010; L27_V007; L21_V019,,,,,,
round1-v3,p1-16,TRAKE,L24_V024,,"Đoạn video bắt đầu bằng ảnh cận đầu một con lân trắng, mũi đỏ, bên cạnh lá cờ trắng viền đỏ. E1: Khoảnh khắc đầu tiên xuất hiện đầy đủ hai con rồng vàng đang xoay vòng. E2: Khoảnh khắc đầu tiên con lân hoàn tất cú xoay người trên các thanh trụ (thời điểm đâu tiên các chân của lân đặt trên trụ sau khi xoay). E3: Khoảnh khắc đầu tiên dùi chạm vào kẻng đồng múa lân.","The video begins with a close-up of a white unicorn's head with a red nose, next to a white flag with a red border. E1: The first moment of full appearance of two rotating golden dragons. E2: The first moment the unicorn completes its rotation on the pillars (the first moment the unicorn's legs are placed on the pillar after turning). E3: The first moment the awl touches the bronze gong of the lion dance.",10,L24_V040; L24_V030; M04_V028; L24_V031; L24_V039,,,,,,
round1-v3,p1-17,QA,L22_V008,221.6-248.2,"Đoạn clip mô tả hậu quả của hiện tượng sạt lở đất nghiêm trọng, đất đá tràn xuống gây tắc nghẽn hoàn toàn một đoạn đường đèo. Trong một cảnh quay cận, có thể thấy một cột mốc đường bộ với phần đỉnh màu đỏ chỉ còn lộ ra phần trên, phần lớn đã bị đất đá vùi lấp. Ở cảnh quay cuối, một người đi xe máy đang vật lộn để điều khiển phương tiện vượt qua khu vực bùn lầy, trên chiếc xe máy có treo một vật màu xanh lá. Tên của con đèo là gì?","The clip describes the consequences of a serious landslide, with soil and rocks pouring down, completely blocking a section of the pass. In a close-up shot, a road marker can be seen with only the top showing its red top, most of which has been buried by rocks and soil. In the last scene, a motorcyclist is struggling to control the vehicle through a muddy area, with a green object hanging on the motorbike. What is the name of the pass?",2,M09_V010; L22_V008; M01_V025; M02_V011; M07_V014,,,,,,
round1-v3,p1-18,KIS,L26_V389,229.3-251.0,"Cảnh quay cho thấy hành động trình bày món ăn sau khi hoàn thành giai đoạn chế biến. Bún được cho đầu tiên vào một chén rỗng, sau đó đầu bếp lần lượt cho từng vá nước dùng cùng các nguyên liệu như thịt gà, cà rốt, sả, nấm mèo vào chén bún, và kết thúc bằng việc thả một cọng ngò lên trên cùng. Cảnh quay tiếp theo là cảnh zoom xa dần chén bún, ta thấy bên cạnh chén bún còn có 1 chén nước chấm nhỏ với 2 miếng ớt.","The scene shows the act of presenting the dish after completing the cooking stage. Vermicelli is first put into an empty bowl, then the chef in turn adds broth and ingredients such as chicken, carrots, lemongrass, and mushrooms into the bowl of vermicelli, and ends by dropping a stalk of cilantro on top. The next scene is a zoomed-in shot of the bowl of vermicelli, we see that next to the bowl of vermicelli there is also a small cup of dipping sauce with 2 pieces of chili.",9,L26_V094; L26_V458; L26_V011; L26_V411; L26_V464,,,,,,
round1-v3,p1-19,KIS,L24_V035,451.0-497.2,"Con lân do hai người điều khiển đang đứng thẳng và xoay vòng trên đỉnh cột. Sau vài giây nghỉ, con lân bất ngờ nhảy qua hai chiếc cột kế bên, chúi đầu xuống ngoạm lấy quả bí đỏ kèm bông hoa màu vàng. Cảnh quay kết thúc khi con lân tiếp tục nhảy sang các cột tiếp theo.","The unicorn controlled by two people is standing upright and spinning around on top of the pole. After a few seconds of rest, the unicorn suddenly jumped over the two adjacent pillars, lowered its head and grabbed the pumpkin with the yellow flower. The scene ends when the unicorn continues to jump to the next columns.",3,L28_V011; L24_V032; L24_V035; L24_V033; M04_V026,,,,,,
round1-v3,p1-21,KIS,L22_V011,491.4-523.6,"Cảnh quay bắt đầu bằng cảnh những con tôm đã được lột vỏ và nấu chín đang nằm trên dĩa, phía sau là người đầu bếp đang đặt 3 ổ bánh mì lên bàn. Sau đó là cảnh quay các đầu bếp, có người thì trang trí món ăn, có người thì chế biến món ăn. Những con tôm được cắt làm đôi và được nướng trên bếp.","The scene begins with peeled and cooked shrimp lying on a plate, behind which the chef is placing 3 loaves of bread on the table. Next is a scene of chefs, some decorating dishes, others preparing dishes. The shrimp are cut in half and grilled on the stove.",9,L26_V156; L26_V099; L26_V151; L26_V125; L26_V250,,,,,,
round1-v3,p1-22,KIS,L25_V041,634.5-686.8,"Người phụ nữ mặc áo dài màu hồng, đeo kính đang giảng giải về các trường hợp sử dụng khác nhau của động từ 'remember' dựa trên mốc thời gian của hành động được nhắc tới.",The woman wearing a pink ao dai and glasses is explaining the different uses of the verb 'remember' based on the time of the action being mentioned.,5,L30_V093; L22_V004; M01_V015; L25_V032; L25_V041,,,,,,
round1-v3,p1-23,KIS,L25_V060,1125.3-1172.2,"Hình ảnh giáo viên nam mặc sơ mi trắng, thắt cà vạt tối màu, nổi bật trên phông nền xanh dương đậm có hoa văn mờ. Slide bài giảng Nền trắng với khung viền màu hồng tím, phía trên có thanh tiêu đề xanh dương chứa họa tiết địa cầu và mũi tên vàng/xanh ngọc. Bên dưới là sơ đồ 3 tầng được liên kết bởi các mũi tên xanh ngọc trỏ xuống: Tầng 1: 2 khối hộp được bao bởi 1 khối hộp cam. Tầng 2: 1 khối hộp lớn màu xanh dương đậm ở chính giữa. Tầng 3: 2 khối hộp được bao bởi 1 khối hộp xanh lá cây.","The image of a male teacher wearing a white shirt and dark tie stands out against a dark blue background with a blurred pattern. Lecture slide White background with purple-pink border, above there is a blue title bar containing a globe motif and yellow/turquoise arrows. Below is a 3-floor plan linked by turquoise arrows pointing down: Floor 1: 2 boxes surrounded by 1 orange box. Floor 2: 1 large dark blue box in the middle. Level 3: 2 boxes surrounded by 1 green box.",7,L25_V011; L25_V028; L25_V079; L25_V021; L25_V072,,,,,,
round1-v3,p1-25,KIS,L30_V003,262.0-267.4,"Hai bạn học sinh mặc đồng phục áo trắng, quần xanh, quàng khăn đỏ đang làm MC trên một sân khấu tại trường học, phía sau là một bộ trống cơ màu đỏ và một cây đàn piano.","Two students wearing white shirts, blue pants, and red scarves are MCing on a stage at the school, behind them is a red drum set and a piano.",35,L25_V077; L25_V074; L25_V078; L25_V022; L25_V034,,,,,,
round2-v2,p2-1,KIS,L24_V035,4.7-60.6,Nhóm 5 người đang chơi đùa bên cạnh một con vật màu vàng. Một trong số đó đã mang một vật trông như trái bí đỏ đi giấu. Người đàn ông thức dậy không thấy quả bí đỏ đâu nên đánh thức con vật dậy.,"A group of 5 people are playing next to a yellow animal. One of them hid an object that looked like a pumpkin. The man woke up and couldn't find the pumpkin, so he woke the animal up.",2,M04_V009; L24_V035; M10_V028; L30_V066; M06_V029,,,,,,
round2-v2,p2-5,KIS,L21_V022,868.7-872.2; 874.9-877.7,"Một người áo đỏ, đội nón màu trắng, đang lấy nước rưới vào mặt của mình. Khung hình có hai người đi xe đạp, người mặc áo xanh đậm đang đuổi theo người mặc áo đen phối cam.","A man in a red shirt, wearing a white hat, is pouring water on his face. The frame has two cyclists, the one wearing a dark blue shirt is chasing the person wearing a black shirt mixed with orange.",not retrieved,S01-V004; S01-V012; S01-V010; S01-V011; S01-V008,hard,,,,,
round2-v2,p2-6,KIS,L22_V024,816.0-847.8,Đoạn video do người đi đường phía sau ghi lại cho thấy 2 thanh niên điều khiển xe máy bất ngờ nằm dài trên yên và phóng với tốc độ cao. Xuất hiện trong khung hình còn có một chiếc ô tô màu xanh cùng một người đi xe máy mặc áo xanh khác. Có 2 vòng tròn màu đỏ xuất hiện để khoanh vùng vị trí 2 thanh niên này.,The video recorded by a passerby behind shows two young men driving a motorbike suddenly lying on the saddle and riding at high speed. Also appearing in the frame is a blue car and another blue-shirted motorcyclist. There are 2 red circles appearing to localize the location of these 2 young men.,3,M10_V001; M02_V024; L22_V024; M07_V004; M05_V021,,,,,,
round2-v2,p2-7,QA,L21_V009,839.9-853.5,"Đoạn clip được quay từ bên trong một chiếc xe ô tô tự lái, có thể thấy rõ vô lăng được xoay để chiếc xe rẽ sang phải. Sau đó, góc quay chuyển ra ngoài, bắt trọn cảnh chiếc xe màu trắng rẽ trái, và ở góc trên khung hình có một dưới một biển hiệu đỏ gồm 6 ký tự chữ Hán. Con số được viết trên phần hông xe màu trắng là số mấy?","The clip was filmed from inside a self-driving car, and you can clearly see the steering wheel being turned to turn the car to the right. Then, the camera angle shifts outward, capturing the scene of the white car turning left, and in the upper corner of the frame there is a red sign with 6 Chinese characters. What is the number written on the white side of the car?",2,M01_V025; L21_V009; M07_V002; M05_V011; M04_V009,,,,,,
round2-v2,p2-8,TRAKE,L27_V011,,Video về một khu vườn cây ăn trái ở miền Tây Nam Bộ. Đây là chuỗi liên tiếp các cảnh quay về 4 loại trái cây trong vườn. E1: Cảnh đầu tiên có trái sầu riêng. E2: Cảnh đầu tiên có trái măng cụt. E3: Cảnh đầu tiên có trái bưởi. E4: Cảnh đầu tiên có trái dâu bòn bon.,Video about a fruit garden in the Southwest region. This is a consecutive series of shots of 4 types of fruit in the garden. E1: First scene with durian fruit. E2: First scene with mangosteen. E3: First scene with grapefruit. E4: The first scene has a strawberry.,6,L29_V009; M07_V014; L29_V013; L27_V015; M04_V017,,,,,,
round2-v2,p2-10,KIS,L26_V120,212.0-218.7,"Một đầu bếp chế biến món ăn trong chảo, với các miếng dồi trường màu trắng và rau xanh. Đầu bếp cho bông hẹ vào chảo đang có dồi trường rồi dùng dụng cụ đảo các nguyên liệu. Các đoạn bông hẹ dài màu xanh được trộn cùng những miếng dồi trường trắng trong chảo. Máy quay chuyển sang cận cảnh chảo khi đầu bếp tiếp tục xào và trộn hai nguyên liệu.","A chef prepares a dish in a pan, with white sausage pieces and green vegetables. The chef puts the chive flowers in the pan with the sausage and then uses a utensil to stir the ingredients. Long pieces of green chive flowers are mixed with white sausage pieces in the pan. The camera switches to a close-up of the pan as the chef continues to stir-fry and mix the two ingredients.",34,L26_V370; L26_V422; L26_V361; L26_V497; L26_V173,hard,,,,,
round2-v2,p2-11,KIS,L26_V392,144.4-171.6,"Trong video, người đầu bếp cầm một nguyên liệu dài đã được xiên que và lăn qua hỗn hợp màu xanh lá cây và màu đỏ đã băm nhỏ. Nguyên liệu sau đó được chuyển sang một đĩa chứa bột trắng để phủ bên ngoài. Người đầu bếp cầm que xiên và xoay nguyên liệu qua lại nhiều lần trên lớp bột. Cuối cùng, nguyên liệu đã được phủ kín một lớp bột trắng và đặt riêng sang một chiếc đĩa.","In the video, the chef holds a long skewered ingredient and rolls it through a chopped green and red mixture. The ingredients are then transferred to a plate containing white flour to coat the outside. The chef holds the skewer and rotates the ingredients back and forth several times over the dough. Finally, the ingredients were covered with a layer of white powder and placed separately on a plate.",2,L26_V092; L26_V392; L26_V435; L26_V272; L26_V245,,,,,,
round2-v2,p2-12,QA,L26_V192,185.0-236.4,"Đoạn video mô tả quá trình làm bánh, bánh được tạo ra có màu tím, nguyên liệu bên trong có giá, cà rốt, và bên trong mỗi bánh đều có 1 hạt sen. Mỗi lần khuôn này làm được bao nhiêu cái bánh?","The video describes the cake making process. The cake is purple in color, the ingredients inside are bean sprouts, carrots, and inside each cake is a lotus seed. How many cakes can this mold make at a time?",7,M07_V018; L26_V296; L26_V351; L26_V472; L26_V109,,,,,,
round2-v2,p2-13,KIS,L26_V422,170.4-187.0,"Người đầu bếp đảo đều một hỗn hợp các nguyên liệu trong chảo, nhìn bằng mắt thường có thể thấy một số nguyên liệu như thịt gà, ớt đỏ, ớt xanh, đậu phộng và hành tím. Sau đó cô ấy tắt lửa, cho thêm vỏ chanh và nước cốt chanh vào chảo trước khi trút hỗn hợp thức ăn này ra đĩa.","The chef stirs a mixture of ingredients in the pan. With the naked eye, you can see some ingredients such as chicken, red peppers, green peppers, peanuts and purple onions. She then turned off the heat and added lemon peel and lemon juice to the pan before pouring the mixture onto a plate.",11,L26_V405; L26_V218; L26_V063; L26_V054; L26_V110,,,,,,
round2-v2,p2-15,KIS,L26_V093,111.9-123.1; 130.3-152.6,Cảnh phim lần lượt giới thiệu các nguyên liệu của món ăn qua 3 chuyển cảnh: máy quay chéo lên và kết thúc ở nguyên liệu hải sản đầu tiên; quay từ trên xuống cận cảnh nguyên liệu hải sản thứ hai rồi chuyển sang các nguyên liệu nhiều màu sắc; cuối cùng là cú máy tĩnh toàn cảnh toàn bộ nguyên liệu.,"The scene in turn introduces the ingredients of the dish through 3 transitions: the camera tilts up and ends at the first seafood ingredient; Top-down close-up shot of the second seafood ingredient and then switching to colorful ingredients; Finally, there is a still shot of the entire scene of all the ingredients.",not retrieved,L26_V028; L26_V457; L26_V152; L26_V150; L26_V149,hard,,,,,
round2-v2,p2-18,KIS,L23_V017,96.0-103.1,"Đoạn phim quay từ phía sau nhóm dẫn đầu, gồm 1 tay đua dẫn trước và 3 tay đua bám phía sau, khi cả nhóm rẽ phải vào đường Hồ Tùng Mậu tại giao lộ có đèn xanh đang đếm ngược đến 13 giây.","The video was shot from behind the leading group, including 1 rider in front and 3 riders following, when the group turned right onto Ho Tung Mau Street at an intersection with a green light counting down to 13 seconds.",2,N056-V001; L23_V017; N045-V001; N056-V003; L23_V020,,,,,,
round2-v2,p2-19,QA,L30_V043,139.4-150.8,"Đoạn phim ghi lại cảnh mạnh thường quân hỗ trợ một quán trọ dành cho người cao tuổi, sau đó chuyển sang cảnh một cụ ông trò chuyện với nhóm người nước ngoài. Hỏi quán trọ được nhắc đến trong đoạn phim nằm trên đường nào?","The video recorded scenes of donors supporting an inn for the elderly, then switched to a scene of an old man chatting with a group of foreigners. What street is the inn mentioned in the video located on?",3,M08_V024; M08_V017; L30_V043; M05_V014; M05_V031,,,,,,
round2-v2,p2-20,KIS,L25_V060,1332.0-1375.8,"Clip bài giảng môn Địa lí, có 1 bảng số liệu về mạng lưới đô thị ở Việt Nam. Bảng này thể hiện sự khác nhau về phân bố đô thị giữa các vùng bằng màu sắc: 3 vùng có nhiều đô thị nhất thì con số thể hiện số lượng đô thị được in màu đỏ, còn 2 vùng có ít đô thị nhất thì con số này được in màu xanh. Từ bảng số liệu ta còn có thể thấy rằng vùng có ít đô thị nhất lại là vùng có dân số đô thi cao nhất.","Geography lecture clip, has a data table about the urban network in Vietnam. This table shows the difference in urban distribution between regions by color: for the 3 regions with the most urban areas, the number representing the number of urban areas is printed in red, and for the 2 regions with the fewest urban areas, this number is printed in blue. From the data table we can also see that the region with the least urban population is the region with the highest urban population.",11,M09_V018; L21_V007; M09_V006; M03_V021; L25_V051,,,,,,
round2-v2,p2-21,TRAKE,L30_V031,,4 cảnh này xảy ra liên tiếp nhau. Cảnh 1: Hai người phụ nữ cùng nhau dán niêm phong một thùng carton. Cảnh 2: Các thùng mì tôm và bọc bánh mì được sắp xếp ngay ngắn. Cảnh 3: Một người đàn ông nhấc thùng mì tôm lên và xếp lên trên chồng thùng mì. Cảnh 4: Cảnh quay cận cảnh các thùng mì được xếp chồng trên xe tải.,These 4 scenes happen consecutively. Scene 1: Two women seal a carton together. Scene 2: Boxes of instant noodles and bread wraps are neatly arranged. Scene 3: A man lifts a box of instant noodles and stacks them on top of the pile of noodles. Scene 4: Close-up shot of boxes of noodles stacked on the truck.,2,M01_V022; L30_V031; L30_V023; M01_V013; M05_V001,,,,,,
round2-v2,p2-22,KIS,L26_V470,77.8-88.8; 93.2-102.6; 124.6-131.3,"Trong video nấu ăn, một loại nguyên liệu hải sản màu trắng được khứa theo những đường thẳng vuông góc nhau, trên cả 2 bề mặt của nguyên liệu này. Nguyên liệu sau đó được cắt thành từng que và cho vào tô, trước khi được trộn đều với các gia vị gồm rượu, tiêu và hạt nêm.","In the cooking video, a white seafood ingredient is cut in perpendicular lines, on both surfaces of this ingredient. The ingredients are then cut into sticks and put into a bowl, before being mixed with spices including wine, pepper and seasoning.",8,L26_V396; L26_V411; L26_V338; L26_V216; L26_V143,,,,,,
round2-v2,p2-23,QA,L25_V012,716.0-891.6,Câu hỏi môn Sinh học nằm ở số thứ tự 11 trong đề thi THPTQG 2022. Trong câu hỏi có một biểu đồ đưa ra sự so sánh tốc độ sinh trưởng của các loài thực vật trong các hệ sinh thái ven biển. Hãy cho biết loài cây (II) đạt được tốc độ sinh trưởng tốt nhất khi môi trường sống có độ mặn là bao nhiêu phần nghìn?,"The Biology question is number 11 on the 2022 National High School exam. In the question, there is a chart that compares the growth rates of plant species in coastal ecosystems. Please tell us, plant species (II) achieves the best growth rate when the habitat has a salinity level of how many parts per thousand?",2,L25_V020; L25_V012; L25_V016; L25_V085; L25_V084,,,,,,
round2-v2,p2-24,KIS,L23_V013,268.9-278.5; 287.3-293.0; 300.8-306.2; 317.0-320.6; 322.9-327.7,"Đoạn clip ghi lại khoảnh khắc về đích của một chặng đua xe đạp diễn ra tại thành phố thuộc tỉnh Quảng Nam (cũ, trước ngày 01/7/2025). Vận động viên người Estonia mặc áo xanh nước biển dẫn đầu đoàn. Khi chỉ còn cách đích một đoạn ngắn, anh buông cả hai tay khỏi ghi-đông, giang hai tay lên cao ăn mừng chiến thắng trong khi xe vẫn tiến về phía trước. Ngay phía sau anh là một vận động viên mặc áo vàng và một vận động viên mặc áo cam đang lần lượt lao về đích.","The clip captures the finishing moment of a bicycle race taking place in a city in Quang Nam province (old, before July 1, 2025). The Estonian athlete wearing a navy blue shirt leads the group. When he was only a short distance from the finish line, he let go of both hands from the handlebars, raised his arms high to celebrate victory while the bike was still moving forward. Right behind him are an athlete wearing a yellow shirt and an athlete wearing an orange shirt rushing towards the finish line.",not retrieved,M06_V021; L23_V004; L23_V017; S01-V001; L23_V007,,,,,,
round2-v2,p2-26,KIS,L25_V062,548.8-560.8,"Đây là một đoạn trong bài giảng. Trên slide bao gồm: - Một nhóm nhân vật người 3D màu trắng vây quanh một nhân vật màu đỏ ở chính giữa. - Hai nhân vật hoạt hình nam đang trong tư thế thi đấu kéo co, đối đầu nhau với sợi dây thừng.","This is a passage from the sermon. The slide includes: - A group of white 3D human characters surrounding a red character in the center. - Two male cartoon characters are in a tug-of-war competition position, confronting each other with a rope.",21,M10_V029; M03_V005; M08_V029; M10_V027; M07_V016,,,,,,
round2-v2,p2-29,QA,L26_V439,57.7-62.3,"Cảnh quay liệt kê các nguyên liệu để nấu một món ăn. Ảnh nền bao gồm dĩa thịt, bó lá tươi xanh đặt ở góc bên trái, một gói hạt nêm, hũ thủy tinh nhỏ đựng nước cốt dừa, bột cà ri, nấm mèo (mộc nhĩ) khô đặt phía dưới chén gia vị, sả cây và ớt hiểm đỏ đặt ở góc trái phía dưới. Bảng nguyên liệu hiện lên gồm 9 thành phần cụ thể. Hỏi phần thịt có trọng lượng bao nhiêu trong bảng nguyên liệu (số và đơn vị được ghi trong bảng)?","The scene lists the ingredients to cook a dish. The background image includes a plate of meat, a bunch of fresh green leaves placed in the left corner, a packet of seasoning seeds, a small glass jar containing coconut milk, curry powder, dried wood ear mushrooms placed below the spice bowl, lemongrass and red chili placed in the lower left corner. The ingredient list that appears includes 9 specific ingredients. How much does the meat weigh in the ingredients table (numbers and units are listed in the table)?",4,L26_V160; L26_V089; L26_V343; L26_V439; L26_V181,,,,,,
round2-v2,p2-30,QA,L26_V254,12.0-48.9,"Một cô gái đeo tạp dề màu trắng, bên cạnh là một lọ hoa riềng tía. Sau đó cô gái này đặt lên 1 dĩa trắng 4 con X, được biết X là nguyên liệu cho món ăn trong tập này. Sau đó người này lại cầm lên 2 con X. Sau đó người này đối thoại với một người đối diện để xem hôm nay nấu món gì. Hỏi X là con gì?","A girl wearing a white apron, next to a vase of purple galangal flowers. Then this girl placed 4 X's on a white plate. It was known that X was the ingredient for the dish in this episode. Then this person picked up 2 X's. Then this person had a conversation with the person opposite to see what to cook today. What is X?",not retrieved,L26_V361; L26_V371; L26_V411; L26_V443; L26_V313,,,,,,
round3-v2,p3-1,KIS,L26_V424,202.7-230.4,"Một chén trứng gà đã đánh tan được đổ vào nồi nước súp đang nấu. Trong nồi có các nguyên liệu được cắt thành sợi, gồm nấm và măng. Người đầu bếp dùng dao cắt đậu hũ thành từng miếng nhỏ ngay phía trên nồi. Đậu hũ được cho trực tiếp vào nồi rồi các nguyên liệu được khuấy đều với nhau.","A cup of beaten eggs is poured into the pot of cooking soup. In the pot there are ingredients cut into strips, including mushrooms and bamboo shoots. The chef uses a knife to cut the tofu into small pieces right above the pot. Tofu is put directly into the pot and the ingredients are stirred together.",8,L26_V427; L26_V496; L26_V238; L26_V056; L26_V286,,,,,,
round3-v2,p3-3,KIS,L26_V390,219.6-245.3,"Người đầu bếp lần lượt cho nhiều loại nguyên liệu vào một nồi nước dùng đang sôi. Đầu tiên, một loại rau củ màu cam được cho vào nồi. Sau đó, một loại nguyên liệu dạng ống nhỏ được đổ từ đĩa vào nồi. Tiếp theo, các loại rau củ và nấm được cho vào, gồm những miếng màu xanh và các lát nấm màu nâu. Cuối cùng, một đĩa thịt đã cắt thành từng miếng mỏng được đổ vào nồi để nấu cùng các nguyên liệu trước đó.","The chef takes turns adding a variety of ingredients into a pot of boiling broth. First, an orange vegetable is added to the pot. Then, a small tube of ingredients is poured from the plate into the pot. Next, the vegetables and mushrooms are added, including green pieces and brown mushroom slices. Finally, a plate of meat cut into thin pieces is poured into the pot to cook with the previous ingredients.",36,L26_V421; L26_V317; L26_V433; L26_V341; L26_V171,,,,,,
round3-v2,p3-7,KIS,L21_V018,624.5-658.8,"Đoạn phim ghi lại cảnh giao thông trên đường phố, trong đó hai thanh niên chạy xe với tư thế bất cẩn trên làn ô tô, tiềm ẩn nguy cơ gây tai nạn giao thông.","The video records traffic scenes on the street, in which two young men drive in a careless position in the car lane, potentially causing a traffic accident.",not retrieved,M05_V015; N007-V001; N070-V001; N070-V003; N087-V001,hard,,,,,
round3-v2,p3-11,KIS,L26_V483,12.0-31.1,"Người phụ nữ đang lấy 1 thành phẩm từ trong đồ vật màu đỏ, và cho lần lượt nguyên liệu vào tiếp, thành phầm có màu trắng, được nở to hơn ban đầu, có hình thù giống các sợi que dính với nhau. Các thành phẩm được bày trí trên 1 vật liệu màu trắng.","The woman is taking a finished product from a red object, and adding the ingredients one by one. The finished product is white, expanded larger than the original, shaped like sticks stuck together. The finished products are displayed on a white material.",not retrieved,L26_V096; L26_V144; L26_V394; L26_V472; L26_V425,hard,,,,,
round3-v2,p3-12,KIS,L26_V484,236.2-256.2,"Một người đang đổ 1 chất lỏng đựng trong bát màu trắng vào chiếc chảo màu đỏ, sau khi chất lỏng được xóc đều cùng các thực phẩm có sẵn trong chảo, tạo 1 hiện tượng bốc lên trong chảo có màu hồng. Sau đó. chuyển từ nồi to qua nồi nhỏ hơn, công đoạn tương tự, khi chất lỏng tiếp xúc lửa trên bếp đều tạo chung 1 hiện tượng.","A person is pouring a liquid in a white bowl into a red pan. After the liquid is mixed evenly with the food in the pan, it creates a pink rising phenomenon in the pan. Afterward. Moving from a large pot to a smaller pot, the process is similar, when the liquid comes into contact with the fire on the stove, it creates the same phenomenon.",37,L26_V146; L26_V095; L26_V119; L26_V017; L26_V175,,,,,,
round3-v2,p3-15,KIS,L26_V480,87.5-200.7,"Đoạn video ghi lại cảnh 1 người đầu bếp đã sơ chế thực phẩm với nước lạnh và để ráo nước. Sau đó, đầu bếp sử dụng 1 loạt bột nhào chung với thực phẩm, để qua một bên và chuẩn bị các loại gia vị khác. Tiếp theo, đầu bếp cho 1 miếng nguyên liệu màu xanh lá cây kết hợp 2 miếng màu vàng vào 1 chảo màu đỏ đã đổ dầu ăn trước khi chiên thực phẩm chính.","The video records the scene of a chef preparing food with cold water and draining it. Then, the chef uses a batch of dough to mix with the food, set it aside and prepare other spices. Next, the chef puts 1 piece of green ingredients combined with 2 pieces of yellow ingredients into a red pan filled with cooking oil before frying the main food.",not retrieved,L26_V006; L26_V254; L26_V418; L26_V219; L26_V268,hard,,,,,
round3-v2,p3-16,KIS,L26_V481,196.1-222.0,"Một người đang đổ 1 nguyên liệu vào trong 1 nồi thủy tinh, sau đó, sử dụng 1 đôi đũa để đảo nguyên liệu màu đỏ có chút màu xanh lá cây. Sau khi, nguyên liệu đã biến đổi màu, người đàn ông đổ thêm 1.5L nguyên liệu dạng lỏng, 1/2 muỗng (cà phê) nguyên liệu trắng có vị mặn, 1/2 muỗng nguyên liệu trắng có vị ngọt, 2 muỗng hạt nguyên liệu có vị từ xương hầm","A person is pouring an ingredient into a glass pot, then using a pair of chopsticks to stir the red ingredient with a little green. After the ingredients changed color, the man added 1.5L of liquid ingredients, 1/2 teaspoon (coffee) of salty white ingredients, 1/2 spoon of sweet white ingredients, 2 tablespoons of stewed bone-flavored ingredients.",not retrieved,L26_V244; L26_V094; L26_V155; L26_V219; L26_V294,hard,,,,,
round3-v2,p3-17,KIS,L26_V482,78.1-98.1,"Một nguyên liệu đã được chiên sơ, được sơ chế cắt làm 2 nửa (không để 2 nửa tách rời). Tiếp theo, người đàn ông sử dụng 1 công cụ để tách phần lõi và lớp vỏ của nguyên liệu. Sau đó, đặt phần nguyên liệu vừa sơ chế trên 1 loại công cụ có màu trắng.","An ingredient that has been fried and pre-processed is cut into 2 halves (do not leave the 2 halves separate). Next, the man uses a tool to separate the core and shell of the material. Then, place the newly processed ingredients on a white tool.",not retrieved,L26_V283; L26_V431; L26_V148; L27_V002; L26_V433,hard,,,,,
round3-v2,p3-19,KIS,L24_V032,543.0-575.9,"Sau khi lướt qua các cọc trụ, chú lân vàng đứng thăng bằng bằng ba chân trên ba đỉnh trụ, trước khi khéo léo đặt nốt chân còn lại lên trụ thứ tư. Chú lân cúi đầu ngoạm lấy cành hoa màu tím rồi xoay người quay lưng lại. Theo từng tiếng chập cheng vang lên, lân mở rồi đóng hàm đúng 4 nhịp, rồi nhả cành hoa rơi xuống đất.","After passing over the pillars, the golden unicorn stood balanced on three legs on the tops of the three pillars, before skillfully placing his remaining leg on the fourth pillar. The unicorn bowed his head, grabbed the purple flower branch, then turned around and turned his back. With each cymbal sound, the unicorn opened and closed its jaws exactly 4 times, then released the flower branch and fell to the ground.",16,M04_V015; M04_V013; L24_V044; M04_V006; M03_V004,,,,,,
round3-v2,p3-21,TRAKE,L26_V156,,"Một món ăn làm từ tôm và các loại gia vị. E1: Khoảnh khắc người đầu bếp bắt đầu trộn hỗn hợp nước xốt, trong nước xốt này có 2 thành phần là nước cam và vỏ cam. E2: Khoảnh khắc người đầu bếp bắt đầu cắt bỏ đầu tôm. E3: Người đầu bếp cho tôm ra dĩa. Hãy chọn khoảnh khắc con tôm đầu tiên chạm vào dĩa. E4: Khoảnh khắc tép cam thứ 4 được xếp lên dĩa khi trang trí món ăn.","A dish made from shrimp and spices. E1: The moment the chef starts mixing the sauce, there are two ingredients in this sauce: orange juice and orange peel. E2: The moment the chef starts cutting off the shrimp's head. E3: The chef puts the shrimp on a plate. Choose the moment the first shrimp touches the plate. E4: The moment the fourth orange clove is placed on the plate when decorating the dish.",2,L26_V212; L26_V156; L26_V148; L26_V222; L26_V138,,,,,,
round3-v2,p3-24,QA,L26_V448,76.4-130.4,"Một đầu bếp đang chuẩn bị một món ăn từ một miếng thực phẩm màu cam. Người này băm nhỏ một số nguyên liệu, tách các hạt nhỏ khỏi cành rồi trộn chúng thành hỗn hợp gia vị. Sau đó, nhiều loại gia vị được lần lượt thêm vào và hỗn hợp được phủ lên cả hai mặt của nguyên liệu chính trước khi thêm một chất lỏng. Trong quá trình nêm gia vị, lượng nước tương được sử dụng là bao nhiêu?","A chef is preparing a dish from a piece of orange food. This person chops some ingredients, separates the small seeds from the branches, and mixes them into a spice mixture. Then, various spices are added one by one and the mixture is coated on both sides of the main ingredient before adding a liquid. During the seasoning process, how much soy sauce is used?",not retrieved,L26_V229; L26_V069; L26_V079; L26_V399; L26_V125,hard,,,,,
round3-v2,p3-25,KIS,L26_V155,236.0-251.8,"Một người dùng vá nhúng những lát thịt mỏng vào nồi nước đang sôi. Thịt sau đó được cho vào tô có sẵn sợi trắng cùng với cà chua và một số nguyên liệu khác. Cuối cùng, nước dùng nóng được chan vào tô.","One person uses a patch to dip thin slices of meat into a pot of boiling water. The meat is then placed in a bowl with white fibers along with tomatoes and some other ingredients. Finally, hot broth is poured into the bowl.",2,L26_V154; L26_V155; L26_V146; L26_V206; L26_V094,,,,,,
round3-v2,p3-26,KIS,L25_V043,92.7-268.6,"Một bài giảng chuyển qua nhiều sơ đồ hình học không gian. Các hình ban đầu gồm một đường xiên đi qua một hình phẳng và hai hình phẳng giao nhau. Tiếp đó xuất hiện một điểm phía trên một hình phẳng có đoạn thẳng nối vuông góc xuống dưới. Cuối cùng là một khối gồm bốn đỉnh, sau đó được bổ sung thêm các đường nét đứt, điểm và ký hiệu vuông góc.","A lecture moves through many spatial geometric diagrams. The original shapes consist of an oblique line passing through a plane shape and two intersecting plane shapes. Next, a point appears above a flat figure with a line segment connecting perpendicularly downwards. The final result is a block of four vertices, which is then supplemented with dashed lines, points, and perpendicular symbols.",4,L25_V025; M07_V029; L25_V052; L25_V043; M06_V018,,,,,,
round3-v2,p3-29,KIS,L26_V051,226.2-239.4,Một người đang múc canh từ trong nồi qua một tô nhỏ hơn. Chiếc tô này đang đặt trên 1 tấm vải có sọc trắng và đặt trên một khay gỗ. Tổng số lần quay được của người này múc canh ra tô là 2 lần.,One person is ladling soup from the pot into a smaller bowl. This bowl is placed on a white striped cloth and placed on a wooden tray. The total number of times this person can scoop soup into a bowl is 2 times.,2,L26_V094; L26_V051; L26_V489; L26_V206; L26_V322,,,,,,
round3-v2,p3-30,KIS,L23_V005,86.7-94.5,"Đoạn clip bắt đầu khi có 1 người đang phất cờ về đích đến trong chặng đua xe đạp quanh hồ. Ngay sau đó, một đoàn đông vận động viên xe đạp đang vào cua giữa khung cảnh đường phố rợp bóng cây. Một người đứng bên đường, tay trái cầm điện thoại để ghi hình, còn tay phải cầm một cây gậy có gắn thiết bị quay ở đầu hướng về phía đoàn đua.","The clip begins when a person is waving a flag towards the finish line of a bicycle race around the lake. Right after that, a large group of cyclists were taking turns in the middle of a tree-lined street scene. A person stood on the side of the road, holding a phone in his left hand to record video, and in his right hand holding a stick with a recording device at the end pointing towards the racing group.",not retrieved,S01-V007; S01-V003; S01-V001; S01-V006; S01-V002,hard,,,,,
round3-v2,p3-32,KIS,L21_V010,933.4-941.9,"Đoạn phim bắt đầu với cảnh hai mẹ con cầm điện thoại trò chuyện, sau đó chuyển sang cảnh người con trả lời phỏng vấn, phía sau có một phụ nữ da đen đang bước qua.","The video begins with a mother and daughter holding a phone and chatting, then switches to the son giving an interview, with a black woman walking past in the background.",not retrieved,M10_V027; M08_V006; M10_V025; M05_V011; M03_V008,hard,,,,,
round3-v2,p3-33,KIS,L23_V009,253.8-272.8,"Cảnh quay slow motion từ flycam ghi lại màn nước rút của hai tay đua dẫn đầu, trong đó tay đua mũ đen được cho là đuối sức hơn tay đua mũ trắng và để thua ở đoạn cuối.","Slow motion footage from the flycam recorded the sprint of the two leading riders, in which the black hat racer was said to be more exhausted than the white hat racer and lost at the end.",not retrieved,L23_V025; S01-V010; S01-V007; S01-V012; L23_V021,hard,,,,,
round3-v2,p3-34,TRAKE,L24_V006,,"Con lân màu đỏ đang biểu diễn trên các cột trụ. E1: Con lân treo hai chân trước vào phần dưới thân của hai trụ gần cuối (gần trụ cuối cùng cao nhất). E2: Con lân đứng thẳng sau khi di chuyển từ cuối dãy trụ về, hai chân đứng trên hai trụ khác nhau và một chân trước co lên. E3: Khoảnh khắc con lân hoàn tất động tác ngoảnh mặt theo hướng ngược lại. E4: Khoảnh khắc đầu tiên con lân ngậm một thanh trụ.","The red unicorn is performing on the pillars. E1: The unicorn hangs its front legs on the lower part of the body of the last two pillars (near the last highest pillar). E2: The unicorn stands straight after moving from the end of the row of pillars, its two legs stand on two different pillars and one front leg is bent up. E3: The moment the unicorn completes the movement of turning its face in the opposite direction. E4: The first moment the unicorn holds a stick in its mouth.",9,L24_V044; M04_V026; L24_V011; L24_V038; L24_V013,,,,,,
round3-v2,p3-35,QA,L25_V014,1348.4-1491.7,"Giải đề THPTQG 2018 tại nhóm X. Nhóm này gồm 4 câu hỏi trắc nghiệm 4 đáp án A, B, C, D, trong đó đáp án 4 câu không trùng nhau và đều chứa chữ số 0. Hỏi X là số mấy?",Solve the 2018 National High School question in group,2,M07_V001; L25_V014; M02_V024; L25_V076; M05_V026,,,,,,
round3-v2,p3-36,KIS,L28_V010,590.5-598.0,"Camera lia chậm trên mặt bàn làm việc, bắt đầu từ một bức ảnh/tranh một người đang bắt tay với Bác Hồ, sau đó chuyển sang phần bên phải là tay nghệ nhân đang vẽ lại chân dung người bắt tay Bác. Người nghệ nhân này vẽ bằng một cây bút đặc biệt trên một chất liệu đặc biệt.","The camera pans slowly across the desk, starting from a photo/painting of a person shaking hands with Uncle Ho, then moving to the right side where the artist is drawing a portrait of the person shaking hands with Uncle Ho. This artist draws with a special pen on a special material.",3,L22_V015; L22_V001; L28_V010; M10_V005; L30_V090,,,,,,
final-v2,f1-tkis-02,KIS,L27_V010,176.6-186.6,"Phân cảnh này nằm trong một đoạn video giới thiệu về Rạch Giá, cụ thể hơn là giới thiệu về Đình Ông Nguyễn. Tiếp theo là bức tranh 1 chiếc tàu chiến bị đốt cháy trên sông","This scene is in a video introducing Rach Gia, more specifically, introducing Ong Nguyen Communal House. Next is a picture of a warship burned on the river",not retrieved,L22_V009; M07_V014; M01_V017; M09_V018; M06_V009,hard,,,,,
final-v2,f1-tkis-10,KIS,S01-V009,4556.4-4566.4,"Các tay đua xe đạp rẽ trái vào một cây cầu bắc qua sông. Trên cầu, ở bên trái đường đua, có người đang cầm 4-5 bong bóng trắng và các du khách mặc áo trắng đang chụp hình/quay phim.","The cyclists turn left onto a bridge over the river. On the bridge, on the left side of the track, there are people holding 4-5 white balloons and tourists wearing white shirts are taking photos/videos.",5,S01-V007; L23_V003; L23_V011; S01-V001; S01-V009,,,,,,
final-v2,f1-tkis-18,KIS,L26_V379,198.8-208.8,"Nguyên liệu có kích thước to khoảng gấp 4 lần cọng hành lá được cho vào chảo, sau đó đến hai loại nguyên liệu khác được cắt hạt lựu cũng lần lượt được cho vào. Nguyên liệu hình bầu dục, màu vàng, cũng được cho vào cùng","Ingredients about 4 times the size of green onion stalks are put into the pan, then two other diced ingredients are also added in turn. The yellow, oval-shaped ingredients are also added",17,L26_V110; L26_V286; L26_V214; L26_V106; L26_V335,hard,,,,,
final-v2,f1-qa-05,QA,M08_V016,198.0-243.0,Hoạt động trong cảnh quay được tổ chức tại tỉnh nào? Cảnh nhiều người lớn đang hướng dẫn các bạn nhỏ làm tranh kim tuyến trong một phòng học. Một nhóm tình nguyện viên mặc áo có màu đỏ hoặc xanh dương đang chuẩn bị các vật dụng ở góc phòng.,In which province were the activities in the scene held? Scene of many adults instructing children to make glitter paintings in a classroom. A group of volunteers wearing red or blue shirts are preparing items in the corner of the room.,3,M08_V024; M04_V002; M08_V016; L30_V061; L28_V004,,,,,,
final-v2,f1-trake-01,TRAKE,S01-V011,,"Cảnh quay bắt đầu khi camera đang focus một tay đua xe đạp (1) mặc áo có ba màu chủ đạo là vàng, xanh dương, đỏ, và bắt đầu zoom ra xa. E1: Một tay đua (2) tương tác và chào camera. Chọn khoảnh khắc lòng bàn tay anh này lộ rõ hoàn toàn cùng năm ngón tay trước ống kính E2: Tay đua đó (2) và tay đua (1) cùng nhau tạo hình trái tim bằng tay. Chọn khoảnh khắc tay hai anh vừa chạm nhau. E3: Một tay đua trong trang phục xanh lá cây (3) vượt qua tay đua (2). Chọn khoảnh khắc đầu tiên xe của (3) vượt hoàn toàn xe của (2). E4: Nhóm tay đua này vượt qua một bảng hiệu tên trường học. Chọn khoảnh khắc bảng tên này vừa thoát ra khỏi ống kính.","The scene begins when the camera focuses on a cyclist (1) wearing a shirt with three main colors: yellow, blue, red, and begins to zoom out. E1: A rider (2) interacts and greets the camera. Choose the moment when this guy's palm is completely exposed with five fingers in front of the camera E2: That racer (2) and racer (1) together make a heart shape with their hands. Choose the moment when your hands just touched each other. E3: A rider in green (3) overtakes rider (2). Choose the first moment (3)'s car completely overtakes (2's) car. E4: This group of riders passes a school name sign. Choose the moment this nameplate just exits the lens.",8,S01-V004; S01-V001; S01-V008; S01-V012; S01-V005,,,,,,
final-v2,f2-tkis-23,KIS,N061-V002,394.2-404.2,"Đoạn video camera giao thông từ trên cao tại một giao lộ, một công nhân vệ sinh chạy xe máy kéo theo một thùng rác vô tình làm một túi màu trắng rơi xuống đường. Chiếc túi nằm dưới đường cho đến một lúc sau có một phụ nữ mặc áo xanh dương, đội nón lá tới nhặt.","Traffic camera video from above at an intersection, a sanitation worker riding a motorbike pulling a trash can accidentally causes a white bag to fall onto the road. The bag lay on the street until a moment later, a woman wearing a blue shirt and conical hat came to pick it up.",3,N043-V002; N069-V001; N061-V002; N056-V003; N038-V002,,,,,,
final-v2,f2-tkis-24,KIS,N025-V002,477.8-487.8,"Đoạn video camera giao thông từ trên cao tại một giao lộ, một chiếc xe buýt màu đỏ 2 tầng mui trần đang di chuyển ở nửa bên phải khung hình, tiến tới giao lộ và dừng đèn đỏ. Trên tầng 2 hiện đang có 4 hành khách.","Traffic camera video from above at an intersection, a red double-decker open-top bus is moving in the right half of the frame, approaching the intersection and stopping at the red light. There are currently 4 passengers on the 2nd floor.",3,N096-V003; N088-V001; N025-V002; N032-V003; N017-V002,,,,,,
final-v2,f2-qa-03,QA,L27_V012,0.0-600.0,"Hỏi đây là địa danh thuộc Tỉnh/Thành phố nào (hiện nay)? (Đáp án viết không dấu và không có khoảng trắng). Trong phân cảnh này là hình ảnh ở một làng quê có truyền thống 1 loại lá có liên quan đến một thức ăn thuộc tập tục văn hóa của người dân gian xưa. Phân cảnh này nằm trong chương trình Việt Nam đi là ghiền. Trong phân cảnh, có nhiều đoạn hình ảnh người phụ nữ mặc áo màu vàng đang hái lá.","Ask which Province/City this place belongs to (currently)? (The answer is written without diacritics and without spaces). In this scene, there is an image in a village where there is a tradition of a type of leaf related to a food that belongs to the cultural practices of ancient folk people. This scene is in the program Vietnam is addicting. In the scene, there are many images of a woman wearing a yellow shirt picking leaves.",9,M06_V019; M04_V016; M02_V002; L29_V022; M05_V001,,,,,,
final-v2,f2-qa-07,QA,L23_V004,71.0-104.0,"Tốc độ lớn nhất người này đạt được (thể hiện trên chú thích) là bao nhiêu km/h? Cảnh quay liên tục từ trên cao, bắt đầu khi 1 nhóm các tay đua xe đạp đang tiến về 500m cuối cùng của chặng đua. Có thể thấy các tay đua gần như tạo thành 1 đường thẳng, người này nối đuôi người kia. Tay đua duy nhất mặc áo xanh lá giữ vững vị trí thứ nhì, và trên màn hình có một chú thích dạng văn bản gắn với người này, cho biết mã số, tốc độ và tên của anh ấy.","What is the maximum speed this person achieved (shown in the caption) in km/h? The scene is continuously shot from above, starting when a group of cyclists are approaching the final 500m of the race. It can be seen that the riders almost form a straight line, one following the other. The sole rider wearing the green jersey maintained second place, and on the screen there was a text caption attached to this person, giving his number, speed and name.",not retrieved,S01-V002; S01-V007; L23_V007; S01-V012; S01-V011,hard,,,,,
final-v2,f2-qa-08,QA,M08_V025,267.0-289.0,"Đây là lễ hội thuộc tỉnh nào (hiện nay) của Việt Nam? (Đáp án viết không dấu và không có khoảng trắng) Bắt đầu với cảnh các loại trái cây được sắp xếp thành hình bản đồ Việt Nam. Tiếp theo, nhiều người đàn ông mặc áo trắng ngồi phía trước một tháp trái cây lớn.","This festival is in which province (currently) in Vietnam? (Answers are written without diacritics and spaces) Start with a scene of fruits arranged into a map of Vietnam. Next, many men dressed in white sit in front of a large fruit tower.",2,M10_V023; M08_V025; M06_V005; L22_V019; M02_V006,,,,,,
final-v2,f2-qa-09,QA,M05_V018,502.0-540.0,"Đây là con vật gì? Một nhóm 5 người đang ngồi xung quanh một vật có chiều dài gần bằng chiều dài của một người trưởng thành, vật này dính đất xung quanh Người đàn ông mặc áo đỏ nằm bên cạnh để so sánh với chiều dài của vật này",What animal is this? A group of 5 people are sitting around an object with a length almost equal to the length of an adult. This object has dirt around it. The man in a red shirt lies next to it to compare the length of this object.,3,M04_V003; M02_V023; M05_V018; L21_V016; L30_V043,,,,,,
final-v2,f2-qa-10,QA,L26_V331,108.0-182.0,"Đây là bánh gì? Người đàn ông đổ bột để làm bánh, loại bánh này có màu nâu vàng, bột được đổ thành hình tròn, sau đó được rắc một ít nguyên liệu được làm từ thịt lên trên Phô mai và xúc xích cũng được cho lên trên bánh này","What cake is this? The man pours flour to make a cake, this type of cake is golden brown, the dough is poured into a circle, then sprinkled with some ingredients made from meat on top. Cheese and sausage are also placed on top of this cake.",12,L30_V078; L26_V191; L26_V136; L21_V014; L26_V273,,,,,,
final-v2,f2-qa-13,QA,M02_V008,423.0-463.0,"Đây là làng hoa nào? Những chậu hoa đủ màu sắc được trồng trong chậu trên những chiếc giàn kim loại, bên dưới là mặt nước. Có 2 người đang ngồi trên một chiếc ghe di chuyển trong vườn hoa này, 1 người có vẻ đang cầm điện thoại để chụp ảnh/quay phim người còn lại.","Which flower village is this? Colorful flowers are planted in pots on metal trellises, with water below. There are 2 people sitting on a boat moving in this flower garden, 1 person seems to be holding a phone to take photos/videos of the other person.",not retrieved,M02_V007; L28_V006; M08_V004; M03_V011; L29_V020,hard,,,,,
final-v2,f2-qa-12,QA,L26_V234,46.0-187.0,"Có bao nhiêu cái cánh gà đã được sử dụng trong quá trình chế biến món ăn này? Đầu tiên, người đầu bếp cắt bỏ phần chóp cánh gà. Tiếp theo ông ấy cắt mỗi cái cánh gà thành 2 miếng, tạo hình chúng như những chiếc đùi gà.","How many chicken wings were used in the preparation of this dish? First, the chef cuts off the tip of the chicken wing. Next he cut each chicken wing into 2 pieces, shaping them like chicken thighs.",3,L26_V274; L26_V354; L26_V234; L26_V137; L26_V066,,,,,,
final-v2,f2-qa-14,QA,M09_V014,377.0-438.0,"Đây là làng nào? Hoạt động có sự tham gia của giáo viên và sinh viên vẽ trang trí các mô hình thuyền thúng bằng những hình ảnh văn hóa địa phương cũng như nghề làm nước mắm, để chuẩn bị cho một lễ hội. Phân cảnh miêu tả một người giáo viên đang cầm bảng màu vẽ cảnh biển và các loại hải sản","Which village is this? The activity involves teachers and students painting and decorating basket boat models with images of local culture as well as fish sauce making, in preparation for a festival. The scene depicts a teacher holding a palette drawing seascapes and seafood",2,M09_V003; M09_V014; M08_V003; L29_V001; L29_V008,,,,,,
final-v2,f2-trake-02,TRAKE,L26_V104,,Hướng dẫn chế biến một món ăn từ một loại trái cây và một loại hải sản. E1: Khoảnh khắc nhân vật nam tách thành công hạt khỏi phần thịt trắng của trái cây. E2: Khoảnh khắc nhân vật nữ đặt phần thịt trái cây cuối cùng đã được tách hạt lên đĩa màu xanh dương. E3: Khoảnh khắc nhân vật nam bắt đầu chuyển nguyên liệu hải sản từ đĩa trắng sang tô trong suốt. E4: Khoảnh khắc gia vị cuối cùng được cho vào tô thủy tinh trước khi bắt đầu trộn các nguyên liệu.,Instructions for preparing a dish from a type of fruit and a type of seafood. E1: The moment the male character successfully separates the seeds from the white flesh of the fruit. E2: The moment the female character places the last part of the fruit with the seeds removed on the blue plate. E3: The moment the male character begins transferring seafood ingredients from the white plate to the transparent bowl. E4: The last moment the spices are added to the glass bowl before starting to mix the ingredients.,40,L26_V275; L26_V168; L26_V162; L26_V413; L26_V003,hard,,,,,
final-v2,f2-trake-04,TRAKE,L26_V402,,Đoạn video hướng dẫn cách nấu một món ăn với cá. E1: Đầu bếp cho gia vị nêm sẵn vào cá. Chọn khoảnh khắc đầu tiên gia vị chạm vào bề mặt cá. E2: Đầu bếp xào cá với sả. Chọn khoảnh khắc đầu tiên đầu bếp dùng đũa để lật mặt cá. E3: Đầu bếp nấu nước lẩu. Chọn khoảnh khắc đầu tiên miếng ớt cuối cùng nằm hoàn toàn trong nồi lẩu. E4: Đầu bếp cho các loại rau vào lẩu. Chọn khoảnh khắc đầu tiên bông so đũa được gắp vào chạm mặt nước.,The video shows how to cook a dish with fish. E1: The chef adds seasoning to the fish. Choose the moment the seasoning first touches the surface of the fish. E2: The chef stir-fries fish with lemongrass. Choose the first moment the chef uses chopsticks to flip the fish. E3: The chef cooks hotpot. Choose the first moment the last piece of chili is completely in the hot pot. E4: The chef puts vegetables into the hot pot. Choose the first moment when the cotton ball is picked up and touches the water surface.,not retrieved,L26_V266; L26_V404; L26_V081; L26_V449; L26_V364,,,,,,
